Old_Name,New_Name,Old_location,New_Location
12048S\,a,C:\Users\testUzer\Downloads\Test\,C:\Users\testUzer\Downloads\Test\
12719\,b,C:\Users\testUzer\Downloads\Test\,C:\Users\testUzer\Downloads\Test\
12897\,c,C:\Users\testUzer\Downloads\Test\,C:\Users\testUzer\Downloads\Test\
14697\,d,C:\Users\testUzer\Downloads\Test\,C:\Users\testUzer\Downloads\Test\
31403\,e,C:\Users\testUzer\Downloads\Test\,C:\Users\testUzer\Downloads\Test\
6047\,g,C:\Users\testUzer\Downloads\Test\,C:\Users\testUzer\Downloads\Test\
test.txt,test_A.doc,C:\Users\testUzer\Downloads\Test\,C:\Users\testUzer\Downloads\Test\
test - Copy.txt,test_B.doc,C:\Users\testUzer\Downloads\Test\,C:\Users\testUzer\Downloads\Test\
test - Copy (2).txt,test_C.doc,C:\Users\testUzer\Downloads\Test\,C:\Users\testUzer\Downloads\Test\
test - Copy (3).txt,test_D.doc,C:\Users\testUzer\Downloads\Test\,C:\Users\testUzer\Downloads\Test\
test - Copy (4).txt,test_E.doc,C:\Users\testUzer\Downloads\Test\,C:\Users\testUzer\Downloads\Test\
